{"loss": 2.078125, "lr": 9.999999992588665e-05, "wd": 0.0001, "Gtokens": 0.002490368, "_timestamp": 1714272817.1243052, "_runtime": 67.84160423278809, "_step": 38, "kt/s": 44.37631258792678}