{"loss": 1.890625, "lr": 0.00019999243984053226, "wd": 0.0001, "Gtokens": 0.5505024, "_timestamp": 1714352809.7675679, "_runtime": 5211.636066913605, "_step": 2100, "kt/s": 161.58688160491633, "_wandb": {"runtime": 5211}}