{"loss": 1.074951171875, "lr": 7.00000010410854e-06, "wd": 0.1, "Gtokens": 1.119485952, "_timestamp": 1711511913.133941, "_runtime": 5131.261070013046, "_step": 949, "kt/s": 227.5805431880084, "_wandb": {"runtime": 5184}}