{"loss": 11.125, "lr": 1e-12, "wd": 0.0001, "Gtokens": 0.007340032, "_timestamp": 1714347459.323804, "_runtime": 234.0612189769745, "_step": 112, "kt/s": 44.52296968240391}