{"loss": 11.1875, "lr": 1e-12, "wd": 0.0001, "Gtokens": 0.027353088, "_timestamp": 1714329672.0447395, "_runtime": 164.41137051582336, "_step": 371, "kt/s": 43.65444385185895, "_wandb": {"runtime": 165}}