{"loss": 6.3125, "lr": 1e-12, "wd": 0.0001, "Gtokens": 0.569049088, "_timestamp": 1714361278.7472556, "_runtime": 128.5975136756897, "_step": 8683, "kt/s": 45.21442897406399, "_wandb": {"runtime": 129}}