{"_wandb": {"runtime": 22}, "loss": 11.5625, "lr": 1e-05, "wd": 0.0001, "Gtokens": 6.5536e-05, "_timestamp": 1714374174.7446322, "_runtime": 10.809673309326172, "_step": 1}