{"loss": 11.0, "lr": 9.999999998614097e-05, "wd": 0.0001, "Gtokens": 0.001179648, "_timestamp": 1714321048.8073246, "_runtime": 70.17407774925232, "_step": 9, "kt/s": 22.281479604624646}