{"loss": 9.125, "lr": 4.999999999990376e-05, "wd": 0.0001, "Gtokens": 0.000851968, "_timestamp": 1714372451.4983754, "_runtime": 106.2146303653717, "_step": 13, "kt/s": 44.26542918423042, "_wandb": {"runtime": 106}}