{"loss": 2.75, "lr": 4.999999634031257e-05, "wd": 0.0001, "Gtokens": 0.026279936, "_timestamp": 1714376718.5950627, "_runtime": 71.4138708114624, "_step": 401, "kt/s": 44.46573972697368, "_wandb": {"runtime": 70}}