{"loss": 0.51806640625, "lr": 8e-06, "wd": 0.0, "Gtokens": 0.03538944, "_timestamp": 1710565428.1799538, "_runtime": 835.4512648582458, "_step": 120, "kt/s": 56.48992575885751, "_wandb": {"runtime": 876}}