{"loss": 2.40625, "lr": 0.00019999999155130872, "wd": 0.0001, "Gtokens": 0.020865024, "_timestamp": 1714329166.1230686, "_runtime": 561.0663695335388, "_step": 283, "kt/s": 43.31150026343188}