{"loss": 11.0, "lr": 0.0002999999783852119, "wd": 0.001, "Gtokens": 0.025952256, "_timestamp": 1714334209.070423, "_runtime": 1024.8737878799438, "_step": 99, "kt/s": 25.94640651811668}