{"loss": 3.609375, "lr": 1e-12, "wd": 0.0001, "Gtokens": 0.569114624, "_timestamp": 1714362564.6788585, "_runtime": 130.45280647277832, "_step": 8684, "kt/s": 45.12276358177196}