{"loss": 5.25, "lr": 1e-12, "wd": 0.0001, "Gtokens": 0.567279616, "_timestamp": 1714362380.6304204, "_runtime": 93.10192441940308, "_step": 8656, "kt/s": 45.39050126784952, "_wandb": {"runtime": 92}}