{"loss": 11.4375, "lr": 1e-12, "wd": 0.0001, "Gtokens": 0.58064896, "_timestamp": 1714362202.267357, "_runtime": 396.9426121711731, "_step": 8860, "kt/s": 44.29760591386666, "_wandb": {"runtime": 397}}