{"loss": 10.0625, "lr": 1e-05, "wd": 0.0001, "Gtokens": 0.000589824, "_timestamp": 1714267483.2233324, "_runtime": 33.06937336921692, "_step": 9, "kt/s": 44.3291436971455}