{"loss": 8.625, "lr": 3.0000000000000008e-05, "wd": 0.0001, "Gtokens": 0.000393216, "_timestamp": 1714374506.2880685, "_runtime": 120.43168449401855, "_step": 6, "kt/s": 43.86695964274854}