{"loss": 5.4375, "lr": 0.00019999160745860678, "wd": 0.0001, "Gtokens": 0.579862528, "_timestamp": 1714353454.4646766, "_runtime": 96.35631561279297, "_step": 2212, "kt/s": 161.53819490984623, "_wandb": {"runtime": 97}}