{"_wandb": {"runtime": 21}, "loss": 11.4375, "lr": 2e-13, "wd": 0.0001, "Gtokens": 0.566296576, "_timestamp": 1714361325.958137, "_runtime": 10.391088962554932, "_step": 8641}