{"loss": 2.4375, "lr": 0.000249999967967042, "wd": 0.001, "Gtokens": 0.03670016, "_timestamp": 1714365241.9642684, "_runtime": 936.8170404434204, "_step": 140, "kt/s": 61.08244652641545}