{"loss": 3.421875, "lr": 9.999999989990096e-05, "wd": 0.0001, "Gtokens": 0.002883584, "_timestamp": 1714273900.9675868, "_runtime": 96.61997771263123, "_step": 44, "kt/s": 42.363210905944264, "_wandb": {"runtime": 97}}