{"loss": 3.109375, "lr": 4.999999635905613e-05, "wd": 0.0001, "Gtokens": 0.0262144, "_timestamp": 1714376519.4085474, "_runtime": 69.59520435333252, "_step": 400, "kt/s": 44.18377845956297}