{"loss": 6.125, "lr": 7.6e-13, "wd": 0.0001, "Gtokens": 0.229441536, "_timestamp": 1714318639.7842844, "_runtime": 234.68309235572815, "_step": 778, "kt/s": 163.24871117286983, "_wandb": {"runtime": 237}}