{"loss": 7.03125, "lr": 9.999999999561492e-05, "wd": 0.0001, "Gtokens": 0.00065536, "_timestamp": 1714309650.143948, "_runtime": 24.815778017044067, "_step": 10, "kt/s": 44.22358104315441}