{"loss": 1.515625, "lr": 4.999999658022541e-05, "wd": 0.0001, "Gtokens": 0.025427968, "_timestamp": 1714376329.0484536, "_runtime": 126.0421416759491, "_step": 388, "kt/s": 44.35649821717483, "_wandb": {"runtime": 126}}