{"loss": 2.734375, "lr": 9.999999989037288e-05, "wd": 0.0001, "Gtokens": 0.003014656, "_timestamp": 1714273364.3384774, "_runtime": 361.59523034095764, "_step": 46, "kt/s": 44.20858476710145, "_wandb": {"runtime": 362}}