{"loss": 1.09814453125, "lr": 6e-06, "wd": 0.0, "Gtokens": 2.010710016, "_timestamp": 1711585202.154546, "_runtime": 8201.219269990921, "_step": 1461, "kt/s": 169.08055992679775, "_wandb": {"runtime": 8253}}