{"loss": 5.0625, "lr": 9.999999990899595e-05, "wd": 0.0001, "Gtokens": 0.002752512, "_timestamp": 1714315350.115517, "_runtime": 75.70060086250305, "_step": 42, "kt/s": 44.43855748680418}