{"loss": 6.65625, "lr": 1e-05, "wd": 0.0001, "Gtokens": 0.000786432, "_timestamp": 1714266044.6218603, "_runtime": 29.184906244277954, "_step": 12, "kt/s": 44.22227898563315, "_wandb": {"runtime": 29}}