{"loss": 4.65625, "lr": 9.999999999890374e-05, "wd": 0.0001, "Gtokens": 0.000311296, "_timestamp": 1714262948.9208086, "_runtime": 26.14741063117981, "_step": 19, "kt/s": 22.401068019045105, "_wandb": {"runtime": 25}}