{"loss": 11.125, "lr": 1e-12, "wd": 0.0001, "Gtokens": 0.56950784, "_timestamp": 1714361721.666739, "_runtime": 141.93489003181458, "_step": 8690, "kt/s": 44.11581322924242}