{"loss": 3.9375, "lr": 0.0001999918706110314, "wd": 0.0001, "Gtokens": 0.568590336, "_timestamp": 1714360719.0781724, "_runtime": 120.50186944007874, "_step": 8676, "kt/s": 44.268467857965526, "_wandb": {"runtime": 121}}