{"loss": 11.125, "lr": 0.0002499998250219485, "wd": 0.001, "Gtokens": 0.080478208, "_timestamp": 1714359125.5134757, "_runtime": 4807.5295877456665, "_step": 614, "kt/s": 22.186916656883422, "_wandb": {"runtime": 4812}}