{"loss": 11.375, "lr": 1e-12, "wd": 0.0001, "Gtokens": 0.567607296, "_timestamp": 1714361098.2775867, "_runtime": 103.05474877357483, "_step": 8661, "kt/s": 44.49624254163102, "_wandb": {"runtime": 103}}