{"loss": 4.84375, "lr": 1e-12, "wd": 0.0001, "Gtokens": 0.02506752, "_timestamp": 1714329408.2538955, "_runtime": 109.84569549560547, "_step": 340, "kt/s": 44.42901210657978}