{"loss": 11.125, "lr": 8.400000000000001e-13, "wd": 0.0001, "Gtokens": 0.000589824, "_timestamp": 1714345981.1025093, "_runtime": 21.781866312026978, "_step": 9, "kt/s": 44.394060786207355, "_wandb": {"runtime": 22}}