{"loss": 1.890625, "lr": 9.999999992588665e-05, "wd": 0.0001, "Gtokens": 0.002490368, "_timestamp": 1714313288.6336083, "_runtime": 68.10717535018921, "_step": 38, "kt/s": 44.75888578569979}