{"loss": 1.4970703125, "lr": 9.999990009038867e-06, "wd": 0.0, "Gtokens": 0.021233664, "_timestamp": 1709557552.79246, "_runtime": 374.86567306518555, "_step": 72, "kt/s": 56.92947362950616}