{"loss": 1.1444091796875, "lr": 7e-06, "wd": 0.1, "Gtokens": 2.621177856, "_timestamp": 1711434259.3517735, "_runtime": 11910.411616563797, "_step": 2222, "kt/s": 227.22006828057354, "_wandb": {"runtime": 11963}}