{"loss": 3.734375, "lr": 5.9991815731867344e-05, "wd": 0.1, "Gtokens": 1.085145088, "_timestamp": 1714445533.82654, "_runtime": 50203.75017595291, "_step": 8279, "kt/s": 20.73152321321452}