{"loss": 1.49609375, "lr": 9.733920489324515e-06, "wd": 0.0, "Gtokens": 3.468754944, "_timestamp": 1709637968.8132284, "_runtime": 17813.12180829048, "_step": 11762, "kt/s": 56.761042447608844}