{"loss": 1.1739909648895264, "lr": 5.999143261665211e-06, "wd": 0.0, "Gtokens": 0.108724224, "_timestamp": 1711668198.6699145, "_runtime": 648.9421315193176, "_step": 79, "kt/s": 168.2127308296301}