{"loss": 2.3125, "lr": 9.999999999344945e-05, "wd": 0.0001, "Gtokens": 0.00073728, "_timestamp": 1714259812.9594998, "_runtime": 44.074373722076416, "_step": 45, "kt/s": 22.34287834123962, "_wandb": {"runtime": 44}}