{"loss": 1.4970703125, "lr": 9.999990009038867e-06, "wd": 0.0, "Gtokens": 0.021233664, "_timestamp": 1709558165.5340183, "_runtime": 374.82537722587585, "_step": 72, "kt/s": 57.033776508963285}