{"loss": 4.53125, "lr": 9.999999998781921e-05, "wd": 0.0001, "Gtokens": 0.001048576, "_timestamp": 1714309746.2317035, "_runtime": 34.8910346031189, "_step": 16, "kt/s": 44.15508668929847, "_wandb": {"runtime": 35}}