{"loss": 10.875, "lr": 1.9968000000000003e-05, "wd": 0.001, "Gtokens": 0.009437184, "_timestamp": 1714325514.4141376, "_runtime": 817.2611405849457, "_step": 32, "kt/s": 24.591068082701913}