{"loss": 5.8125, "lr": 9.999999452546478e-05, "wd": 0.0001, "Gtokens": 0.020905984, "_timestamp": 1714282141.3550112, "_runtime": 20.992268323898315, "_step": 319, "kt/s": 44.20513722283064, "_wandb": {"runtime": 21}}