{"loss": 6.375, "lr": 9.999999999458633e-05, "wd": 0.0001, "Gtokens": 0.000720896, "_timestamp": 1714315745.7874002, "_runtime": 29.555384159088135, "_step": 11, "kt/s": 44.38086735309558, "_wandb": {"runtime": 30}}