{"loss": 1.51953125, "lr": 7.000000008647122e-06, "wd": 0.1, "Gtokens": 2.173796352, "_timestamp": 1710887715.9002318, "_runtime": 38879.607821941376, "_step": 7371, "kt/s": 57.132575878469076, "_wandb": {"runtime": 38935}}