{"loss": 2.078125, "lr": 1e-12, "wd": 0.0001, "Gtokens": 0.046006272, "_timestamp": 1714336755.717155, "_runtime": 136.18746900558472, "_step": 702, "kt/s": 68.62086656473345, "_wandb": {"runtime": 135}}