{"loss": 11.1875, "lr": 1e-12, "wd": 0.0001, "Gtokens": 0.566951936, "_timestamp": 1714363384.5852633, "_runtime": 24.72028636932373, "_step": 8651, "kt/s": 44.14810046974054}