{"_wandb": {"runtime": 20}, "loss": 11.3125, "lr": 3.999838723009938e-05, "wd": 0.0001, "Gtokens": 0.566296576, "_timestamp": 1714353881.2618084, "_runtime": 9.999369382858276, "_step": 8641}