{"loss": 4.0625, "lr": 9.999999985919005e-05, "wd": 0.0001, "Gtokens": 0.003407872, "_timestamp": 1714312552.5215929, "_runtime": 127.31711673736572, "_step": 52, "kt/s": 44.818623293458565}