{"_wandb": {"runtime": 21}, "loss": 10.9375, "lr": 3.999838723009938e-05, "wd": 0.0001, "Gtokens": 0.566296576, "_timestamp": 1714353790.4964507, "_runtime": 10.273877620697021, "_step": 8641}