{"loss": 2.09375, "lr": 9.999999992588665e-05, "wd": 0.0001, "Gtokens": 0.002490368, "_timestamp": 1714271734.9607017, "_runtime": 67.74013662338257, "_step": 38, "kt/s": 44.60731617554963}