{"loss": 11.0625, "lr": 1e-05, "wd": 0.0001, "Gtokens": 0.00032768, "_timestamp": 1714267975.6547692, "_runtime": 28.612683296203613, "_step": 5, "kt/s": 44.008966770571526}