{"loss": 4.03125, "lr": 2.8862354756024516e-05, "wd": 0.0001, "Gtokens": 0.045613056, "trainer/global_step": 348, "_timestamp": 1714463668.83218, "_runtime": 185.9929039478302, "_step": 47, "kt/s": 86.46699284436289, "_wandb": {"runtime": 186}}