{"_wandb": {"runtime": 22}, "loss": 11.375, "lr": 1e-05, "wd": 0.0001, "Gtokens": 6.5536e-05, "_timestamp": 1714373752.8539155, "_runtime": 10.612286567687988, "_step": 1}