{"loss": 4.75, "lr": 9.999999989519106e-05, "wd": 0.0001, "Gtokens": 0.00294912, "_timestamp": 1714315162.8041446, "_runtime": 78.93042969703674, "_step": 45, "kt/s": 44.15131660275728, "_wandb": {"runtime": 78}}