{"loss": 11.5625, "lr": 1e-05, "wd": 0.0001, "Gtokens": 0.000196608, "_timestamp": 1714268072.238014, "_runtime": 25.264595985412598, "_step": 3, "kt/s": 40.63224351223952}