{"loss": 1.828125, "lr": 9.999999146754469e-05, "wd": 0.0001, "Gtokens": 0.026083328, "_timestamp": 1714282453.1340656, "_runtime": 137.38139963150024, "_step": 398, "kt/s": 44.42783754558519, "_wandb": {"runtime": 138}}