{"loss": 1.337890625, "lr": 9.000000001075454e-06, "wd": 0.0, "Gtokens": 10.047062016, "_timestamp": 1709772607.3771615, "_runtime": 121091.38152241707, "_step": 34068, "kt/s": 56.85300048716643, "_wandb": {"runtime": 121145}}