{"loss": 2.078125, "lr": 9.999999992588665e-05, "wd": 0.0001, "Gtokens": 0.002490368, "_timestamp": 1714274307.8116288, "_runtime": 69.28824090957642, "_step": 38, "kt/s": 44.6371067652818}