{"loss": 3.4375, "lr": 8.999998923067622e-05, "wd": 0.01, "Gtokens": 0.047972352, "_timestamp": 1714387875.7787251, "_runtime": 2440.767727136612, "_step": 244, "kt/s": 25.65499193955106}