{"loss": 1.6796875, "lr": 9.999999967063138e-05, "wd": 0.0001, "Gtokens": 0.005128192, "_timestamp": 1714257964.1810884, "_runtime": 379.34261441230774, "_step": 313, "kt/s": 22.77421760349302}