{"loss": 10.875, "lr": 1e-12, "wd": 0.0001, "Gtokens": 0.567607296, "_timestamp": 1714362939.3664947, "_runtime": 98.23845171928406, "_step": 8661, "kt/s": 44.45549380050855, "_wandb": {"runtime": 98}}