{"loss": 11.0625, "lr": 1e-12, "wd": 0.0001, "Gtokens": 0.000958464, "_timestamp": 1714328207.8271527, "_runtime": 90.03498268127441, "_step": 13, "kt/s": 44.54105219521888}