{"loss": 1.1954345703125, "lr": 6e-06, "wd": 0.1, "Gtokens": 7.530872832, "_timestamp": 1711316770.7805357, "_runtime": 34133.8108587265, "_step": 6384, "kt/s": 227.1166862501048, "_wandb": {"runtime": 34190}}