{"loss": 1.4599609375, "lr": 9.000000000058122e-06, "wd": 0.0, "Gtokens": 8.9432064, "_timestamp": 1709746092.8157587, "_runtime": 94557.6864156723, "_step": 30325, "kt/s": 57.145798983998574, "_wandb": {"runtime": 94616}}