{"loss": 5.03125, "lr": 9.999999960886124e-05, "wd": 0.0001, "Gtokens": 0.005636096, "_timestamp": 1714271392.0505497, "_runtime": 139.08107566833496, "_step": 86, "kt/s": 44.525798509976795, "_wandb": {"runtime": 139}}