{"loss": 1.8984375, "lr": 9.999999992588665e-05, "wd": 0.0001, "Gtokens": 0.002490368, "_timestamp": 1714314918.683945, "_runtime": 69.23306584358215, "_step": 38, "kt/s": 44.66605064920226}