{"_wandb": {"runtime": 23}, "loss": 11.6875, "lr": 1e-05, "wd": 0.0001, "Gtokens": 6.5536e-05, "_timestamp": 1714372636.6079516, "_runtime": 10.217122554779053, "_step": 1}