{"loss": 2.84375, "lr": 9.999999984792958e-05, "wd": 0.0001, "Gtokens": 0.003538944, "_timestamp": 1714271034.940798, "_runtime": 228.10466694831848, "_step": 54, "kt/s": 44.54197229108852, "_wandb": {"runtime": 228}}