{"loss": 11.0, "lr": 1e-12, "wd": 0.0001, "Gtokens": 0.001327104, "_timestamp": 1714327469.350386, "_runtime": 39.93055582046509, "_step": 18, "kt/s": 44.345540160220494}