{"loss": 6.46875, "lr": 9.999999869873923e-05, "wd": 0.001, "Gtokens": 0.016515072, "_timestamp": 1714370146.2452235, "_runtime": 495.3413715362549, "_step": 63, "kt/s": 63.90254750736551}