{"loss": 10.9375, "lr": 9.2e-13, "wd": 0.0001, "Gtokens": 0.5668864, "_timestamp": 1714363095.5447445, "_runtime": 91.2593264579773, "_step": 8650, "kt/s": 44.335269234821816, "_wandb": {"runtime": 92}}