{"loss": 6.65625, "lr": 4.999999999997595e-05, "wd": 0.0001, "Gtokens": 0.000786432, "_timestamp": 1714372966.5637667, "_runtime": 139.30797863006592, "_step": 12, "kt/s": 44.312919824151244, "_wandb": {"runtime": 138}}