{"loss": 11.0, "lr": 6.999999581596348e-05, "wd": 0.001, "Gtokens": 0.0294912, "_timestamp": 1714380093.605904, "_runtime": 1207.501736164093, "_step": 150, "kt/s": 24.687079201191388, "_wandb": {"runtime": 1207}}