{"loss": 10.8125, "lr": 1e-05, "wd": 0.0001, "Gtokens": 0.000262144, "_timestamp": 1714267382.3500624, "_runtime": 41.01445746421814, "_step": 4, "kt/s": 6.940843149671355}