{"loss": 9.625, "lr": 1e-05, "wd": 0.0001, "Gtokens": 0.000524288, "_timestamp": 1714268851.6760564, "_runtime": 32.143330335617065, "_step": 8, "kt/s": 44.32859069743731}