{"loss": 11.125, "lr": 1e-05, "wd": 0.0001, "Gtokens": 0.001572864, "_timestamp": 1714270732.8649085, "_runtime": 46.676544427871704, "_step": 24, "kt/s": 44.45881323764854, "_wandb": {"runtime": 47}}