{"loss": 11.0, "lr": 3.7760000000000004e-05, "wd": 0.001, "Gtokens": 0.01032192, "_timestamp": 1714332380.687631, "_runtime": 437.96251797676086, "_step": 35, "kt/s": 24.723951879909073}