{"loss": 3.65625, "lr": 9.999999997319889e-05, "wd": 0.0001, "Gtokens": 0.00147456, "_timestamp": 1714265230.743277, "_runtime": 76.8752760887146, "_step": 90, "kt/s": 22.602586180902694, "_wandb": {"runtime": 76}}