{"loss": 4.65625, "lr": 4.999999998373473e-05, "wd": 0.0001, "Gtokens": 0.002424832, "_timestamp": 1714374814.4409776, "_runtime": 64.64443159103394, "_step": 37, "kt/s": 44.21110580400794}