{"loss": 11.0625, "lr": 1e-05, "wd": 0.0001, "Gtokens": 0.000524288, "_timestamp": 1714267559.207161, "_runtime": 33.107746839523315, "_step": 8, "kt/s": 41.657070013024736}