{"loss": 4.3125, "lr": 3.7254481100080475e-05, "wd": 0.0001, "Gtokens": 0.025034752, "trainer/global_step": 191, "_timestamp": 1714465044.6028674, "_runtime": 196.51359844207764, "_step": 40, "kt/s": 86.71573560508236}