{"loss": 9.5, "lr": 2.9999998180622842e-05, "wd": 0.0001, "Gtokens": 0.023986176, "_timestamp": 1714375706.4370556, "_runtime": 19.439298629760742, "_step": 366, "kt/s": 44.3381772092836}