{"_wandb": {"runtime": 15}, "loss": 11.0625, "lr": 1e-05, "wd": 0.0001, "Gtokens": 6.5536e-05, "_timestamp": 1714373038.0980003, "_runtime": 10.322591304779053, "_step": 1}