{"loss": 1.619140625, "lr": 1e-05, "wd": 0.0, "Gtokens": 2.173796352, "_timestamp": 1709924448.0645094, "_runtime": 38767.91100549698, "_step": 7371, "kt/s": 57.40487312247688, "_wandb": {"runtime": 38824}}