{"loss": 10.1875, "lr": 8.799644943901761e-05, "wd": 0.0001, "Gtokens": 0.566493184, "_timestamp": 1714359693.7732103, "_runtime": 14.006605386734009, "_step": 8644, "kt/s": 42.72634315655595}