{"loss": 5.5625, "lr": 1e-05, "wd": 0.0001, "Gtokens": 0.001048576, "_timestamp": 1714267670.777265, "_runtime": 44.39397215843201, "_step": 16, "kt/s": 44.26857042414486}