{"loss": 11.125, "lr": 1e-12, "wd": 0.0001, "Gtokens": 0.044171264, "_timestamp": 1714336519.0536268, "_runtime": 43.521368741989136, "_step": 674, "kt/s": 68.12977953297528, "_wandb": {"runtime": 43}}