{"loss": 4.8125, "lr": 9.999999999972595e-05, "wd": 0.0001, "Gtokens": 0.00016384, "_timestamp": 1714263116.4604642, "_runtime": 19.397921323776245, "_step": 10, "kt/s": 22.433650186095374}