{"_wandb": {"runtime": 21}, "loss": 11.9375, "lr": 1e-05, "wd": 0.0001, "Gtokens": 6.5536e-05, "_timestamp": 1714374105.5336673, "_runtime": 10.239587306976318, "_step": 1}