{"loss": 5.59375, "lr": 5.199977802238209e-05, "wd": 0.0001, "Gtokens": 0.18726912, "_timestamp": 1714317823.0926678, "_runtime": 160.66262793540955, "_step": 635, "kt/s": 4.4921680484722675}