{"loss": 3.734375, "lr": 0.00019999192469477223, "wd": 0.0001, "Gtokens": 0.56885248, "_timestamp": 1714353173.0513813, "_runtime": 294.3382053375244, "_step": 2170, "kt/s": 163.6127096328099}