{"loss": 10.4375, "lr": 1e-05, "wd": 0.0001, "Gtokens": 0.002490368, "_timestamp": 1714270498.1879592, "_runtime": 67.3128170967102, "_step": 38, "kt/s": 44.44517377378324}