{"loss": 1.859375, "lr": 9.999999991871014e-05, "wd": 0.0001, "Gtokens": 0.002555904, "_timestamp": 1714263727.7729962, "_runtime": 126.04928827285767, "_step": 156, "kt/s": 22.92698674934353}