{"loss": 11.5625, "lr": 2.8e-13, "wd": 0.0001, "Gtokens": 0.000131072, "_timestamp": 1714346977.2240982, "_runtime": 123.3654112815857, "_step": 2, "_wandb": {"runtime": 141}, "kt/s": 1.1923371287638367}