{"loss": 4.75, "lr": 9.999999989519106e-05, "wd": 0.0001, "Gtokens": 0.00294912, "_timestamp": 1714316010.3077834, "_runtime": 145.7127983570099, "_step": 45, "kt/s": 44.24751874017721}