{"loss": 1.1476237773895264, "lr": 6e-06, "wd": 0.0, "Gtokens": 0.80805888, "_timestamp": 1711576665.584875, "_runtime": 844.9901959896088, "_step": 685, "kt/s": 175.18291316468162, "_wandb": {"runtime": 850}}