{"loss": 10.9375, "lr": 0.00014999999730926298, "wd": 0.001, "Gtokens": 0.014155776, "_timestamp": 1714323491.0976124, "_runtime": 1173.9514663219452, "_step": 48, "kt/s": 25.52470092251411}