{"loss": 11.25, "lr": 6.000000000000001e-13, "wd": 0.0001, "Gtokens": 0.000393216, "_timestamp": 1714347116.0186622, "_runtime": 73.82579231262207, "_step": 6, "kt/s": 44.61713259072073}