{"loss": 2.8125, "lr": 9.999997837622898e-05, "wd": 0.0001, "Gtokens": 0.042139648, "_timestamp": 1714336069.5751102, "_runtime": 763.3285231590271, "_step": 643, "kt/s": 68.69766061865471, "_wandb": {"runtime": 762}}