{"loss": 2.09375, "lr": 9.999999992588665e-05, "wd": 0.0001, "Gtokens": 0.002490368, "_timestamp": 1714274805.6916618, "_runtime": 69.34942078590393, "_step": 38, "kt/s": 44.32605441569139}