{"loss": 10.25, "lr": 1e-05, "wd": 0.0001, "Gtokens": 0.000458752, "_timestamp": 1714266146.575338, "_runtime": 22.042911767959595, "_step": 7, "kt/s": 40.96402648217551, "_wandb": {"runtime": 22}}