{"loss": 3.765625, "lr": 9.999999988041169e-05, "wd": 0.0001, "Gtokens": 0.003145728, "_timestamp": 1714272416.302436, "_runtime": 82.17384099960327, "_step": 48, "kt/s": 44.188989614423654}