{"loss": 1.296875, "lr": 9.999999677687641e-05, "wd": 0.0001, "Gtokens": 0.01671168, "_timestamp": 1714335197.6649272, "_runtime": 256.6517312526703, "_step": 255, "kt/s": 68.58526630433107, "_wandb": {"runtime": 256}}