{"loss": 2.109375, "lr": 9.999999992588665e-05, "wd": 0.0001, "Gtokens": 0.002490368, "_timestamp": 1714281499.5506227, "_runtime": 69.87474060058594, "_step": 38, "kt/s": 44.2991694197069}