{"loss": 1.6064453125, "lr": 1e-05, "wd": 0.0, "Gtokens": 2.173796352, "_timestamp": 1709923436.558493, "_runtime": 39057.73798394203, "_step": 7371, "kt/s": 56.865296306736795, "_wandb": {"runtime": 39116}}