{"loss": 5.03125, "lr": 9.999999428179481e-05, "wd": 0.0001, "Gtokens": 0.021364736, "_timestamp": 1714282065.6099904, "_runtime": 31.09087324142456, "_step": 326, "kt/s": 44.617172413031824}