{"loss": 5.6875, "lr": 0.0001999919155809611, "wd": 0.0001, "Gtokens": 0.567017472, "_timestamp": 1714360836.5899312, "_runtime": 82.74440813064575, "_step": 8652, "kt/s": 44.1818383133793}