{"loss": 5.5, "lr": 7.199711171038467e-05, "wd": 0.0001, "Gtokens": 0.567017472, "_timestamp": 1714353655.9055655, "_runtime": 17.085330486297607, "_step": 2163, "kt/s": 161.7847394522696, "_wandb": {"runtime": 18}}