{"loss": 3.546875, "lr": 9.99999999218264e-05, "wd": 0.0001, "Gtokens": 0.002555904, "_timestamp": 1714311743.877158, "_runtime": 69.06779503822327, "_step": 39, "kt/s": 44.750695484231734}