{"_wandb": {"runtime": 23}, "loss": 11.5625, "lr": 1e-05, "wd": 0.0001, "Gtokens": 6.5536e-05, "_timestamp": 1714372722.3181174, "_runtime": 10.316226482391357, "_step": 1}