{"loss": 2.171875, "lr": 9.999999983022683e-05, "wd": 0.0001, "Gtokens": 0.0036864, "_timestamp": 1714263506.6701477, "_runtime": 317.37369871139526, "_step": 225, "kt/s": 22.18042051700053, "_wandb": {"runtime": 316}}