{"loss": 5.0, "lr": 1e-12, "wd": 0.0001, "Gtokens": 0.566951936, "_timestamp": 1714363807.5808332, "_runtime": 82.02845931053162, "_step": 8651, "kt/s": 45.52962022968173, "_wandb": {"runtime": 81}}