{"loss": 10.9375, "lr": 9.999999923962536e-05, "wd": 0.001, "Gtokens": 0.012582912, "_timestamp": 1714378117.3163066, "_runtime": 522.7939476966858, "_step": 64, "kt/s": 24.784688267979508}