{"loss": 4.28125, "lr": 9.999999321578604e-05, "wd": 0.0001, "Gtokens": 0.02326528, "_timestamp": 1714316414.960177, "_runtime": 129.15817594528198, "_step": 355, "kt/s": 1.129060744571828, "_wandb": {"runtime": 129}}