{"loss": 3.5625, "lr": 9.999999991338105e-05, "wd": 0.0001, "Gtokens": 0.002686976, "_timestamp": 1714309191.9230912, "_runtime": 109.52316308021545, "_step": 41, "kt/s": 44.6088288075131, "_wandb": {"runtime": 109}}