{"loss": 11.125, "lr": 1e-12, "wd": 0.0001, "Gtokens": 0.566951936, "_timestamp": 1714362802.262867, "_runtime": 82.99610185623169, "_step": 8651, "kt/s": 44.0225997098348}