{"loss": 2.78125, "lr": 4.99999964149981e-05, "wd": 0.0001, "Gtokens": 0.026017792, "_timestamp": 1714376161.4959462, "_runtime": 137.53400015830994, "_step": 397, "kt/s": 44.17833222046104}