{"loss": 1.1065673828125, "lr": 6e-06, "wd": 0.0, "Gtokens": 1.023934464, "_timestamp": 1711562870.6937177, "_runtime": 4643.511254787445, "_step": 868, "kt/s": 225.35723597341888, "_wandb": {"runtime": 6444}}