{"loss": 2.03125, "lr": 9.999999992588665e-05, "wd": 0.0001, "Gtokens": 0.002490368, "_timestamp": 1714281703.076383, "_runtime": 70.41763305664062, "_step": 38, "kt/s": 44.51500665905402}