{"loss": 11.375, "lr": 7.6e-13, "wd": 0.0001, "Gtokens": 0.566755328, "_timestamp": 1714362682.1187968, "_runtime": 80.12838077545166, "_step": 8648, "kt/s": 43.20580712418481}