{"loss": 3.921875, "lr": 4.999999529933485e-05, "wd": 0.0001, "Gtokens": 0.029687808, "_timestamp": 1714375985.749284, "_runtime": 221.52302813529968, "_step": 453, "kt/s": 44.13691509472845, "_wandb": {"runtime": 222}}