{"loss": 3.859375, "lr": 2.4452128480976887e-05, "wd": 0.0001, "Gtokens": 0.0589824, "trainer/global_step": 450, "_timestamp": 1714465699.6700249, "_runtime": 644.3745138645172, "_step": 299, "kt/s": 85.03683678963453, "_wandb": {"runtime": 663}}