{"loss": 4.59375, "lr": 7.488117684816724e-05, "wd": 0.1, "Gtokens": 0.209584128, "trainer/global_step": 1599, "_timestamp": 1714480167.7884784, "_runtime": 11814.733527421951, "_step": 1576, "kt/s": 20.771556986714927}