{"loss": 1.44091796875, "lr": 9.999997955759761e-06, "wd": 0.0, "Gtokens": 0.012386304, "_timestamp": 1709558163.887289, "_runtime": 221.23656105995178, "_step": 42, "kt/s": 56.56436835994147}