{"loss": 9.3125, "lr": 1e-05, "wd": 0.0001, "Gtokens": 0.000589824, "_timestamp": 1714266492.6396313, "_runtime": 24.75178027153015, "_step": 9, "kt/s": 44.36033582655961, "_wandb": {"runtime": 25}}