{"loss": 1.18896484375, "lr": 5.500000000260697e-06, "wd": 0.0, "Gtokens": 4.07371776, "_timestamp": 1711693165.8622835, "_runtime": 24690.426074504852, "_step": 2960, "kt/s": 169.4938002560166, "_wandb": {"runtime": 24744}}