{"loss": 8.375, "lr": 1e-05, "wd": 0.0001, "Gtokens": 0.000524288, "_timestamp": 1714265601.0719829, "_runtime": 22.772106885910034, "_step": 8, "kt/s": 44.089916319806505, "_wandb": {"runtime": 23}}