{"loss": 1.2255859375, "lr": 7e-06, "wd": 0.0, "Gtokens": 3.09067776, "_timestamp": 1711218933.1003096, "_runtime": 14080.672108650208, "_step": 2620, "kt/s": 226.64437843754652, "_wandb": {"runtime": 14133}}