{"loss": 1.890625, "lr": 9.999999992588665e-05, "wd": 0.0001, "Gtokens": 0.002490368, "_timestamp": 1714314153.077981, "_runtime": 68.40973591804504, "_step": 38, "kt/s": 44.3898235216038}