{"loss": 1.5546875, "lr": 1e-05, "wd": 0.0, "Gtokens": 2.279374848, "_timestamp": 1710744136.8616102, "_runtime": 40929.99463605881, "_step": 7729, "kt/s": 56.712124711831414, "_wandb": {"runtime": 40985}}