{"loss": 2.125, "lr": 9.999999992588665e-05, "wd": 0.0001, "Gtokens": 0.002490368, "_timestamp": 1714274651.376534, "_runtime": 68.60202598571777, "_step": 38, "kt/s": 44.475926569327704}