{"loss": 11.0, "lr": 1e-12, "wd": 0.0001, "Gtokens": 0.003096576, "_timestamp": 1714327223.647918, "_runtime": 78.77539801597595, "_step": 42, "kt/s": 44.08156063045399}