{"loss": 12.125, "lr": 1e-05, "wd": 0.0001, "Gtokens": 0.000524288, "_timestamp": 1714270309.2681189, "_runtime": 24.169304847717285, "_step": 8, "kt/s": 44.50609176214197}