{"loss": 4.375, "lr": 9.999988865875744e-05, "wd": 0.1, "Gtokens": 0.130154496, "_timestamp": 1714394521.1037674, "_runtime": 4667.972205400467, "_step": 993, "kt/s": 20.450355465082417}