{"loss": 1.546875, "lr": 9.776066742082455e-06, "wd": 0.0, "Gtokens": 2.808741888, "_timestamp": 1709617972.1109188, "_runtime": 23516.145484685898, "_step": 9524, "kt/s": 57.34453842539321}