{"loss": 11.5, "lr": 1e-05, "wd": 0.0001, "Gtokens": 0.00032768, "_timestamp": 1714268264.541382, "_runtime": 29.082607984542847, "_step": 5, "kt/s": 44.24719547260827, "_wandb": {"runtime": 29}}