{"loss": 4.125, "lr": 1e-05, "wd": 0.0001, "Gtokens": 0.044040192, "trainer/global_step": 336, "_timestamp": 1714463471.1029253, "_runtime": 199.76985430717468, "_step": 35, "kt/s": 86.94233366909131}