{"loss": 7.5, "lr": 9.999999431692963e-05, "wd": 0.0001, "Gtokens": 0.0212992, "_timestamp": 1714316163.3350096, "_runtime": 28.05134153366089, "_step": 325, "kt/s": 44.29390623198898, "_wandb": {"runtime": 28}}