{"_wandb": {"runtime": 22}, "loss": 11.1875, "lr": 1e-05, "wd": 0.0001, "Gtokens": 6.5536e-05, "_timestamp": 1714268598.803575, "_runtime": 12.059030055999756, "_step": 1}