{"loss": 4.65625, "lr": 0.00019999188374014444, "wd": 0.0001, "Gtokens": 0.568131584, "_timestamp": 1714354106.9422886, "_runtime": 111.47116255760193, "_step": 8669, "kt/s": 44.14982963360454}