{"loss": 10.3125, "lr": 5.599774159885409e-05, "wd": 0.0001, "Gtokens": 0.566362112, "_timestamp": 1714360213.9469311, "_runtime": 10.905318021774292, "_step": 8642, "_wandb": {"runtime": 11}, "kt/s": 39.94881840482637}