{"loss": 6.4375, "lr": 9.999999999877854e-05, "wd": 0.0001, "Gtokens": 0.00032768, "_timestamp": 1714262810.3723073, "_runtime": 28.32761240005493, "_step": 20, "kt/s": 18.612503777796388, "_wandb": {"runtime": 28}}