{"loss": 9.8125, "lr": 1e-05, "wd": 0.0001, "Gtokens": 0.000524288, "_timestamp": 1714266407.0167158, "_runtime": 24.428797721862793, "_step": 8, "kt/s": 40.662303751707555, "_wandb": {"runtime": 25}}