{"loss": 2.125, "lr": 9.999999992588665e-05, "wd": 0.0001, "Gtokens": 0.002490368, "_timestamp": 1714274062.600171, "_runtime": 67.7629611492157, "_step": 38, "kt/s": 44.49613891774959}