{"loss": 4.03125, "lr": 4.999818219350656e-05, "wd": 0.0001, "Gtokens": 0.570359808, "_timestamp": 1714364143.44808, "_runtime": 164.39938306808472, "_step": 8703, "kt/s": 44.389055238495956, "_wandb": {"runtime": 165}}