{"loss": 2.796875, "lr": 9.999999742717472e-05, "wd": 0.0001, "Gtokens": 0.015007744, "_timestamp": 1714334748.9388258, "_runtime": 232.5641348361969, "_step": 229, "kt/s": 68.34623285917158, "_wandb": {"runtime": 231}}