{"loss": 4.25, "lr": 3.29781467036837e-05, "wd": 0.0001, "Gtokens": 0.034865152, "trainer/global_step": 266, "_timestamp": 1714464586.7248082, "_runtime": 305.68629932403564, "_step": 115, "kt/s": 86.69964735663248}