{"loss": 5.84375, "lr": 4.999820387822256e-05, "wd": 0.0001, "Gtokens": 0.566951936, "_timestamp": 1714363944.119015, "_runtime": 81.71423888206482, "_step": 8651, "kt/s": 44.457635629378146, "_wandb": {"runtime": 82}}