{"loss": 1.1171875, "lr": 0.00014999999008260295, "wd": 0.001, "Gtokens": 0.030932992, "_timestamp": 1714367926.0591125, "_runtime": 1396.925458431244, "_step": 118, "kt/s": 38.79420978547901}