{"loss": 5.40625, "lr": 9.999999989519106e-05, "wd": 0.0001, "Gtokens": 0.00294912, "_timestamp": 1714273753.8684409, "_runtime": 79.25361490249634, "_step": 45, "kt/s": 44.26737742645975}