{"loss": 11.3125, "lr": 1.999987335340676e-05, "wd": 0.0001, "Gtokens": 0.227377152, "_timestamp": 1714318014.4783437, "_runtime": 18.64024066925049, "_step": 771}