{"loss": 11.125, "lr": 1e-12, "wd": 0.0001, "Gtokens": 0.567410688, "_timestamp": 1714363691.8578382, "_runtime": 94.78782916069031, "_step": 8658, "kt/s": 44.1310209095876, "_wandb": {"runtime": 95}}