{"loss": 3.328125, "lr": 0.00019999999962897657, "wd": 0.0001, "Gtokens": 0.005013504, "_timestamp": 1714328506.289417, "_runtime": 125.89269614219666, "_step": 68, "kt/s": 43.14227199151992}