{"loss": 1.8984375, "lr": 9.999999991871014e-05, "wd": 0.0001, "Gtokens": 0.002555904, "_timestamp": 1714258506.301624, "_runtime": 125.95179009437561, "_step": 156, "kt/s": 22.790617813183886}