{"loss": 7.09375, "lr": 9.999997694987327e-05, "wd": 0.0001, "Gtokens": 0.046006272, "_timestamp": 1714317454.6298287, "_runtime": 480.13952565193176, "_step": 156, "kt/s": 164.0418998540399, "_wandb": {"runtime": 501}}