{"loss": 11.5, "lr": 9.999999431692963e-05, "wd": 0.0001, "Gtokens": 0.0212992, "_timestamp": 1714273498.814621, "_runtime": 26.231705904006958, "_step": 325, "kt/s": 44.51154804217311}