{"loss": 11.0625, "lr": 9.999999445638616e-05, "wd": 0.0001, "Gtokens": 0.021037056, "_timestamp": 1714281944.8459244, "_runtime": 23.098013401031494, "_step": 321, "kt/s": 43.11033068478537, "_wandb": {"runtime": 23}}