{"loss": 11.1875, "lr": 0.00014999995116802225, "wd": 0.001, "Gtokens": 0.059768832, "_timestamp": 1714372099.222873, "_runtime": 1736.325835943222, "_step": 912, "kt/s": 15.086807070949178}