{"loss": 11.0, "lr": 1e-12, "wd": 0.0001, "Gtokens": 0.001916928, "_timestamp": 1714327888.7210655, "_runtime": 52.24591660499573, "_step": 26, "kt/s": 44.52535568631803}