{"loss": 4.375, "lr": 9.733333333333335e-05, "wd": 0.1, "Gtokens": 0.00393216, "trainer/global_step": 30, "_timestamp": 1714468224.018265, "_runtime": 1385.441090106964, "_step": 7, "kt/s": 20.548955642411542}