{"loss": 11.125, "lr": 1.0000000608335767e-05, "wd": 0.1, "Gtokens": 0.016515072, "_timestamp": 1714382232.683637, "_runtime": 708.2313377857208, "_step": 84, "kt/s": 24.567247073730865}