{"loss": 11.125, "lr": 1e-12, "wd": 0.0001, "Gtokens": 0.568459264, "_timestamp": 1714363482.6789017, "_runtime": 59.14079260826111, "_step": 8674, "kt/s": 44.34419920600296, "_wandb": {"runtime": 58}}