{"loss": 2.109375, "lr": 9.999999992588665e-05, "wd": 0.0001, "Gtokens": 0.002490368, "_timestamp": 1714274956.6613116, "_runtime": 69.00243973731995, "_step": 38, "kt/s": 44.616907084176525}