{"loss": 4.15625, "lr": 4.999999688168643e-05, "wd": 0.0001, "Gtokens": 0.024313856, "_timestamp": 1714375551.742004, "_runtime": 614.4990468025208, "_step": 371, "kt/s": 44.55895527237736, "_wandb": {"runtime": 615}}