{"loss": 1.359375, "lr": 1e-12, "wd": 0.0001, "Gtokens": 0.045023232, "_timestamp": 1714336277.4516804, "_runtime": 55.913708448410034, "_step": 687, "kt/s": 66.07661787508951, "_wandb": {"runtime": 56}}