{"loss": 4.5, "lr": 9.999999991765784e-05, "wd": 0.0001, "Gtokens": 0.00262144, "_timestamp": 1714313026.0569503, "_runtime": 71.1654212474823, "_step": 40, "kt/s": 42.25845322739564}