{"loss": 11.625, "lr": 1e-12, "wd": 0.0001, "Gtokens": 0.568328192, "_timestamp": 1714361543.3331537, "_runtime": 112.4290087223053, "_step": 8672, "kt/s": 44.08595476864321}